timestamp,user,message
2025-08-01 09:02:15,Alice Johnson,"Hi, I'm having trouble logging into my account."
2025-08-01 09:03:45,agent,"Hello! I can help with that. What error message are you seeing?"
2025-08-01 09:05:00,Alice Johnson,"It says 'Authentication failed'. I've tried my password multiple times."
2025-08-01 09:06:15,agent,"Okay, 'Authentication failed' usually means an incorrect password or username. Have you tried resetting your password recently?"
2025-08-01 09:07:30,Alice Johnson,"Yes, I did, but I didn't receive the reset email."
2025-08-01 09:08:45,agent,"Please check your spam or junk folder. Sometimes those emails get filtered there. Also, can you confirm the email address associated with your account?"
2025-08-01 09:10:00,Alice Johnson,"It's alice.johnson@example.com. And yes, I checked spam, nothing there."
2025-08-01 09:11:15,agent,"Thank you. Let me try sending a manual reset link to alice.johnson@example.com. Please wait a moment."
2025-08-01 09:12:45,agent,"I've just sent it. Please check your inbox again in the next 2-3 minutes."
2025-08-01 09:14:00,Alice Johnson,"Got it! Thanks so much. I'll try resetting now."
2025-08-01 09:15:00,Alice Johnson,"Okay, I'm in! Thank you for your help."
2025-08-01 09:16:00,agent,"You're most welcome, Alice! Is there anything else I can assist you with today?"
2025-08-01 09:17:15,Alice Johnson,"Yes, actually. How do I update my payment method? My credit card expired."
2025-08-01 09:18:30,agent,"You can update your payment method in your 'Billing & Subscription' settings. Look for a section like 'Manage Payment Methods'."
2025-08-01 09:19:45,Alice Johnson,"Found it! That was easy. Thanks again."
2025-08-01 09:20:30,agent,"Excellent! Glad I could help. Have a great day!"
2025-08-01 09:22:00,Michael Davis,"Hi, I'd like to inquire about a refund for order #ABC12345."
2025-08-01 09:23:15,agent,"Hello! I can certainly look into that for you. What was the reason for the refund request?"
2025-08-01 09:24:30,Michael Davis,"The item arrived damaged, and it's not what I expected."
2025-08-01 09:25:45,agent,"I understand. Could you please provide a photo of the damaged item for our records?"
2025-08-01 09:27:00,Michael Davis,"Sure, just uploaded it to the support portal. It's under case ID 7890."
2025-08-01 09:28:15,agent,"Thank you. I see the photo. I've initiated a full refund for order #ABC12345. You should see the credit reflected in your account within 5-7 business days."
2025-08-01 09:29:30,Michael Davis,"Perfect! That was quick. Much appreciated."
2025-08-01 09:30:15,agent,"My pleasure! Is there anything else?"
2025-08-01 09:32:00,Sarah Chen,"I'm having trouble with the mobile app. It crashes every time I open it."
2025-08-01 09:33:15,agent,"I'm sorry to hear that. What version of the app are you using, and what operating system is your phone running?"
2025-08-01 09:34:30,Sarah Chen,"App version 3.2.1, on iOS 17.4."
2025-08-01 09:35:45,agent,"Thank you. Have you tried reinstalling the app or clearing its cache?"
2025-08-01 09:37:00,Sarah Chen,"Yes, both. Still crashing."
2025-08-01 09:38:15,agent,"Okay, this might require a deeper look. I'll escalate this to our technical team. Can I get your account ID so they can investigate?"
2025-08-01 09:39:30,Sarah Chen,"It's user12345."
2025-08-01 09:40:45,agent,"Got it. They will reach out to you via email within 24 hours. We appreciate your patience."
2025-08-01 09:41:30,Sarah Chen,"Alright, thanks for the update."
2025-08-01 09:43:00,David Green,"Hello, I need help with my new device. I can't seem to connect it to Wi-Fi."
2025-08-01 09:44:15,agent,"Hi there! Which device model are you trying to connect?"
2025-08-01 09:45:30,David Green,"It's the Model X Smart Hub."
2025-08-01 09:46:45,agent,"Okay. First, please ensure your Wi-Fi network is 2.4GHz, as the Smart Hub only supports that frequency."
2025-08-01 09:48:00,David Green,"Oh, really? My router is set to 5GHz. How do I change that?"
2025-08-01 09:49:15,agent,"You'll need to access your router's settings, usually through a web browser. The process varies by router brand, but look for 'Wireless Settings' or 'Wi-Fi Bands'."
2025-08-01 09:50:30,David Green,"Okay, I'll try that. If I still have issues, can I contact you again?"
2025-08-01 09:51:45,agent,"Absolutely! Feel free to open a new chat or reply to your support email. Good luck!"
2025-08-01 09:52:30,David Green,"Thanks!"
2025-08-01 09:54:00,Emily White,"I just got an email about a subscription renewal, but I thought I cancelled it."
2025-08-01 09:55:15,agent,"Let me check your subscription status for you. Can you provide your registered email address?"
2025-08-01 09:56:30,Emily White,"It's emily.white@email.com."
2025-08-01 09:57:45,agent,"Thank you, Emily. I see your subscription for 'Premium Plan' is active and set to renew on August 15th. There's no record of a cancellation."
2025-08-01 09:59:00,Emily White,"That's odd. I'm sure I clicked cancel last month. Is there anything you can do?"
2025-08-01 10:00:15,agent,"I can cancel it for you right now to prevent future charges. Would you like me to proceed with the cancellation?"
2025-08-01 10:01:30,Emily White,"Yes, please! And confirm once it's done."
2025-08-01 10:02:45,agent,"Okay, your 'Premium Plan' subscription has been successfully cancelled. You will not be charged for the upcoming renewal. You'll receive an email confirmation shortly."
2025-08-01 10:03:45,Emily White,"Great, thanks for sorting that out!"
2025-08-01 10:04:30,agent,"You're welcome! Anything else I can assist with?"
2025-08-01 10:06:00,Daniel Brown,"Hi, I'm trying to download a report, but the download button is greyed out."
2025-08-01 10:07:15,agent,"Hello! What specific report are you trying to download, and from which section of the platform?"
2025-08-01 10:08:30,Daniel Brown,"It's the 'Monthly Sales Summary' from the Analytics dashboard."
2025-08-01 10:09:45,agent,"Ah, I see. The 'Monthly Sales Summary' report is only available for users with 'Analyst' or 'Admin' roles. What is your current user role?"
2025-08-01 10:11:00,Daniel Brown,"I'm a 'Viewer'. I didn't realize that was a restriction."
2025-08-01 10:12:15,agent,"Yes, certain reports have access restrictions. Would you like me to connect you with someone who can help upgrade your role, or perhaps download the report for you?"
2025-08-01 10:13:30,Daniel Brown,"Could you download it for me and send it to my email? I need it for a meeting."
2025-08-01 10:14:45,agent,"Certainly. I've generated the report and sent it to your registered email address. Please check your inbox."
2025-08-01 10:15:45,Daniel Brown,"Received! Thank you so much for your help!"
2025-08-01 10:16:30,agent,"My pleasure! Have a productive meeting."
2025-08-01 10:18:00,Olivia Taylor,"I have a question about the new pricing plans. The website is a bit confusing."
2025-08-01 10:19:15,agent,"No problem, I can clarify that for you. What specifically are you confused about?"
2025-08-01 10:20:30,Olivia Taylor,"What's the difference between the 'Standard' and 'Pro' plans? And what's 'unlimited storage' mean?"
2025-08-01 10:21:45,agent,"The 'Standard' plan offers basic features and 100GB storage, while 'Pro' includes advanced analytics, priority support, and 'unlimited storage' which means storage scales with your needs, effectively without a cap."
2025-08-01 10:23:00,Olivia Taylor,"So 'unlimited' isn't truly unlimited, just very large?"
2025-08-01 10:24:15,agent,"That's correct. It's designed to accommodate virtually all business needs without hitting a hard limit, but it's not infinite in the literal sense."
2025-08-01 10:25:30,Olivia Taylor,"Got it. That makes more sense. Thanks for explaining."
2025-08-01 10:26:15,agent,"You're welcome! Are there any other features you'd like to know about?"
2025-08-01 10:28:00,William Clark,"My account was charged twice for the same service this month. Can you check?"
2025-08-01 10:29:15,agent,"I apologize for that inconvenience. Please provide your account ID or registered email so I can investigate the charges."
2025-08-01 10:30:30,William Clark,"It's account ID: 98765."
2025-08-01 10:31:45,agent,"Thank you. I see two identical charges on August 1st. This appears to be a system error. I've initiated a refund for one of the duplicate charges."
2025-08-01 10:33:00,William Clark,"Oh, great! When will I see the refund?"
2025-08-01 10:34:15,agent,"The refund should be processed within 3-5 business days. You'll receive an email confirmation shortly."
2025-08-01 10:35:15,William Clark,"Fantastic! Thanks for fixing it so quickly."
2025-08-01 10:36:00,agent,"My pleasure! Is there anything else I can help you with today?"
2025-08-01 10:37:30,Sophia Martinez,"I'm trying to change my profile picture, but it keeps failing to upload."
2025-08-01 10:38:45,agent,"What's the file size and format of the image you're trying to upload?"
2025-08-01 10:40:00,Sophia Martinez,"It's a JPG, about 3MB."
2025-08-01 10:41:15,agent,"Our system has a maximum upload limit of 2MB for profile pictures. Could you try resizing it to be smaller?"
2025-08-01 10:42:30,Sophia Martinez,"Ah, that explains it! I'll try that. Thanks for the info."
2025-08-01 10:43:15,agent,"You're welcome! Let me know if you encounter any other issues."
2025-08-01 10:44:45,James Rodriguez,"I need to reset my two-factor authentication. I lost my phone."
2025-08-01 10:46:00,agent,"I understand this is urgent. For security reasons, I'll need to verify your identity. Can you provide your full name and date of birth?"
2025-08-01 10:47:15,James Rodriguez,"James Rodriguez, February 15, 1988."
2025-08-01 10:48:30,agent,"Thank you, James. I've disabled 2FA on your account. Please log in and set up a new 2FA method as soon as possible for your security."
2025-08-01 10:49:45,James Rodriguez,"Will do! Thanks for the quick response."
2025-08-01 10:50:30,agent,"Anytime! Stay safe online."
2025-08-01 10:52:00,Isabella Lee,"My order #XYZ9876 is showing as 'delivered' but I haven't received it."
2025-08-01 10:53:15,agent,"I'm sorry to hear that. Let me check the tracking details. Can you confirm your shipping address?"
2025-08-01 10:54:30,Isabella Lee,"123 Main St, Anytown, USA 12345."
2025-08-01 10:55:45,agent,"Okay, the tracking shows it was delivered to that address. Sometimes, packages are left with a neighbor or in a secure location. Have you checked around your property or with neighbors?"
2025-08-01 10:57:00,Isabella Lee,"Yes, I've checked everywhere. Nothing."
2025-08-01 10:58:15,agent,"In that case, I'll open an investigation with the shipping carrier. This process can take 2-3 business days. We'll keep you updated."
2025-08-01 10:59:30,Isabella Lee,"Alright, thanks for looking into it."
2025-08-01 11:00:15,agent,"You're welcome. We'll do our best to resolve this quickly."
2025-08-01 11:02:00,Mia Garcia,"I have a general question about your privacy policy. Where can I find it?"
2025-08-01 11:03:15,agent,"Our full privacy policy is available on our website. You can usually find a link in the footer of any page, labeled 'Privacy Policy'."
2025-08-01 11:04:30,Mia Garcia,"Thanks! I'll check there."
2025-08-01 11:05:00,agent,"Great! Let me know if you have any specific questions after reading it."
2025-08-01 11:06:30,Noah Miller,"I'm getting too many notification emails. How do I turn them off?"
2025-08-01 11:07:45,agent,"You can manage your notification preferences in your 'Account Settings' or 'Notification Settings' section. You should be able to toggle specific email types there."
2025-08-01 11:09:00,Noah Miller,"Found it! Thanks for the quick guidance."
2025-08-01 11:09:45,agent,"Happy to help!"
2025-08-01 11:11:15,Liam Wilson,"Is there a phone number I can call for support? I prefer talking to someone."
2025-08-01 11:12:30,agent,"Yes, our phone support is available at 1-800-555-1234. Our hours are Monday to Friday, 9 AM to 5 PM local time."
2025-08-01 11:13:45,Liam Wilson,"Got it. Thanks!"
2025-08-01 11:14:15,agent,"You're welcome!"
2025-08-01 11:15:45,Charlotte Moore,"I want to report a bug. The search function on the website isn't working for me."
2025-08-01 11:17:00,agent,"Thank you for reporting that! What browser and device are you using when you encounter this issue?"
2025-08-01 11:18:15,Charlotte Moore,"Chrome on a Windows 11 desktop."
2025-08-01 11:19:30,agent,"And what specific terms are you searching for that aren't yielding results?"
2025-08-01 11:20:45,Charlotte Moore,"I tried 'billing info' and 'subscription management'."
2025-08-01 11:22:00,agent,"I've noted this down and will pass it to our development team for investigation. We appreciate your vigilance in helping us improve."
2025-08-01 11:23:15,Charlotte Moore,"No problem, hope it gets fixed soon."
2025-08-01 11:24:00,agent,"We'll do our best!"
2025-08-01 11:25:30,Benjamin King,"How do I add another user to my business account?"
2025-08-01 11:26:45,agent,"You can add new users in the 'Team Management' or 'User Management' section of your account dashboard. Look for an 'Add User' button."
2025-08-01 11:28:00,Benjamin King,"Okay, found it. Thanks!"
2025-08-01 11:28:30,agent,"Perfect!"
2025-08-01 11:30:00,Amelia Wright,"I received a suspicious email claiming to be from your company. How can I verify if it's legitimate?"
2025-08-01 11:31:15,agent,"Please do not click any links in that email. Forward the suspicious email to phishing@yourcompany.com, and we will investigate its authenticity."
2025-08-01 11:32:30,Amelia Wright,"Will do. Thanks for the warning!"
2025-08-01 11:33:15,agent,"Safety first! Let us know if you have any other concerns."
2025-08-01 11:34:45,Lucas Scott,"I'm looking for information on your API documentation. Where can I find it?"
2025-08-01 11:36:00,agent,"Our API documentation is available on our developer portal. You can usually find a link in the footer labeled 'Developers' or 'API Docs'."
2025-08-01 11:37:15,Lucas Scott,"Great, thanks!"
2025-08-01 11:37:45,agent,"You're welcome!"
2025-08-01 11:39:15,Harper Green,"My account seems to be locked. I haven't tried logging in recently."
2025-08-01 11:40:30,agent,"I see. For security, accounts can be temporarily locked after multiple failed login attempts or unusual activity. I can unlock it for you after verifying your identity."
2025-08-01 11:41:45,Harper Green,"Okay, what do you need?"
2025-08-01 11:43:00,agent,"Please confirm your full name, registered email, and the last four digits of the phone number on file."
2025-08-01 11:44:15,Harper Green,"Harper Green, harper.g@email.com, ****5678."
2025-08-01 11:45:30,agent,"Thank you, Harper. Your account has been unlocked. Please try logging in now."
2025-08-01 11:46:45,Harper Green,"It worked! Thanks so much for your help."
2025-08-01 11:47:30,agent,"Glad to hear it! Have a good day."
2025-08-01 11:49:00,Evelyn Adams,"How do I export my data from the platform?"
2025-08-01 11:50:15,agent,"You can export your data from the 'Data Management' or 'Export Data' section within your account settings. Look for options to select data types and formats."
2025-08-01 11:51:30,Evelyn Adams,"Is there a limit to how much I can export at once?"
2025-08-01 11:52:45,agent,"For large datasets, we recommend exporting in smaller batches or using our API for more efficient bulk exports to avoid timeouts."
2025-08-01 11:54:00,Evelyn Adams,"Okay, good to know. Thanks!"
2025-08-01 11:54:30,agent,"You're welcome!"
2025-08-01 11:56:00,Alexander Baker,"I'm having trouble with a specific feature. It's the 'Team Collaboration' tool."
2025-08-01 11:57:15,agent,"Could you describe the issue you're encountering with the 'Team Collaboration' tool?"
2025-08-01 11:58:30,Alexander Baker,"When I try to invite new members, they don't receive the invitation email."
2025-08-01 11:59:45,agent,"Have you checked the spelling of their email addresses, and asked them to check their spam folders?"
2025-08-02 09:00:00,Alexander Baker,"Yes, I've double-checked both. Still no luck."
2025-08-02 09:01:30,Elizabeth Hall,"Hi, I'm trying to change my subscription plan, but the option is greyed out."
2025-08-02 09:03:00,agent,"Hello! What plan are you currently on, and which plan are you trying to switch to?"
2025-08-02 09:04:15,Elizabeth Hall,"I'm on the Basic plan, trying to upgrade to Premium."
2025-08-02 09:05:30,agent,"Thank you. The upgrade option might be greyed out if there's an outstanding balance on your account or if your current billing cycle hasn't ended. Let me check for you."
2025-08-02 09:06:45,Elizabeth Hall,"Okay, I don't think I have any outstanding balance."
2025-08-02 09:08:00,agent,"I see. Your current billing cycle ends on August 15th. You can schedule the upgrade to take effect on that date, or I can process an immediate upgrade for you, which would involve a prorated charge."
2025-08-02 09:09:15,Elizabeth Hall,"A prorated charge? Can you explain that?"
2025-08-02 09:10:30,agent,"Certainly. A prorated charge means you'd only pay the difference between your current plan and the new plan for the remaining days of your current billing cycle. For example, if you upgrade halfway through, you only pay for half a month of the Premium plan."
2025-08-02 09:11:45,Elizabeth Hall,"Got it. Let's do the immediate upgrade with the prorated charge then."
2025-08-02 09:13:00,agent,"Understood. I've processed the immediate upgrade to Premium. You'll receive a confirmation email with the prorated charge details shortly."
2025-08-02 09:14:15,Elizabeth Hall,"Perfect! Thanks for explaining that clearly."
2025-08-02 09:15:00,agent,"You're very welcome! Enjoy the Premium features."
2025-08-02 09:16:30,Daniel Wright,"My account activity shows a login from an unknown location. Should I be worried?"
2025-08-02 09:17:45,agent,"Please don't worry, but it's good you noticed! We can investigate this. For security, I recommend changing your password immediately and enabling two-factor authentication if you haven't already."
2025-08-02 09:19:00,Daniel Wright,"I've changed my password. How do I enable 2FA?"
2025-08-02 09:20:15,agent,"You can enable 2FA in your 'Security Settings' under your profile. Look for 'Two-Factor Authentication' or 'Multi-Factor Authentication'."
2025-08-02 09:21:30,Daniel Wright,"Okay, I'm setting it up now. Thanks for the advice."
2025-08-02 09:22:15,agent,"Excellent! We take security very seriously. Is there anything else I can help with regarding this login?"
2025-08-02 09:23:30,Daniel Wright,"No, that's all for now. Thanks!"
2025-08-02 09:24:00,agent,"You're welcome! Stay secure."
2025-08-02 09:25:30,Sofia King,"I can't seem to upload files to my cloud storage. It just hangs."
2025-08-02 09:26:45,agent,"I apologize for the inconvenience. What's the file size and type you're trying to upload?"
2025-08-02 09:28:00,Sofia King,"It's a 2GB video file, MP4 format."
2025-08-02 09:29:15,agent,"For files larger than 1GB, we recommend using our desktop client or FTP upload for more stable transfers, as browser uploads can sometimes time out."
2025-08-02 09:30:30,Sofia King,"Ah, I see. I'll try the desktop client then. Thanks for the tip!"
2025-08-02 09:31:15,agent,"My pleasure! Let me know if that resolves the issue."
2025-08-02 09:32:45,Joseph Baker,"I'm getting an error message: 'Database connection failed' when I try to access my dashboard."
2025-08-02 09:34:00,agent,"I'm sorry about that. This sounds like a temporary server issue. Our team is likely already aware and working on it. Could you try refreshing your page in a few minutes?"
2025-08-02 09:35:15,Joseph Baker,"Okay, I'll try that. Is there a status page where I can check for updates?"
2025-08-02 09:36:30,agent,"Yes, you can check our system status page at status.yourcompany.com. It provides real-time updates on any service interruptions."
2025-08-02 09:37:45,Joseph Baker,"Perfect! Thanks for the link."
2025-08-02 09:38:15,agent,"You're welcome! We appreciate your patience."
2025-08-02 09:39:45,Grace Hall,"I want to suggest a new feature: a dark mode for the desktop application."
2025-08-02 09:41:00,agent,"That's a great suggestion! We're always looking for ways to improve user experience. I'll pass this feedback directly to our product development team."
2025-08-02 09:42:15,Grace Hall,"Awesome! Hope to see it implemented."
2025-08-02 09:42:45,agent,"We'll keep you updated on new features via our announcements."
2025-08-02 09:44:15,Samuel Wright,"I'm having trouble with my subscription. It says it's 'on hold'."
2025-08-02 09:45:30,agent,"'On hold' usually indicates a payment issue. Did you recently update your payment method or was a payment declined?"
2025-08-02 09:46:45,Samuel Wright,"My card expired last week. I forgot to update it."
2025-08-02 09:48:00,agent,"No problem at all. Please update your payment method in your 'Billing' settings, and your subscription should automatically reactivate within a few minutes."
2025-08-02 09:49:15,Samuel Wright,"Okay, I'll do that now. Thanks for clarifying."
2025-08-02 09:50:00,agent,"You're welcome! Let me know if you run into any issues."
2025-08-02 09:51:30,Chloe Lewis,"I need help with data recovery. I accidentally deleted some important files."
2025-08-02 09:52:45,agent,"I understand how stressful that can be. Did you delete them from your cloud storage or a local device synced with our service?"
2025-08-02 09:54:00,Chloe Lewis,"From my cloud storage, about an hour ago."
2025-08-02 09:55:15,agent,"Okay, we might be able to help. Our system retains deleted files for up to 30 days in a 'Trash' or 'Recycle Bin' folder. Have you checked there?"
2025-08-02 09:56:30,Chloe Lewis,"Oh, I didn't know that! Let me check."
2025-08-02 09:57:45,Chloe Lewis,"Yes! I found them! Thank you so much, you saved me!"
2025-08-02 09:59:00,agent,"Fantastic news! I'm so glad you could recover them. Is there anything else I can assist with?"
2025-08-02 09:59:45,Chloe Lewis,"No, that's everything. You've been a great help!"
2025-08-02 10:01:15,Victoria Hill,"My account was temporarily suspended. Why?"
2025-08-02 10:02:30,agent,"Account suspensions can occur for various reasons, such as suspicious activity, terms of service violations, or payment issues. I'll need to verify your identity to provide specific details."
2025-08-02 10:03:45,Victoria Hill,"Okay, my name is Victoria Hill, and my email is victoria.h@example.com."
2025-08-02 10:05:00,agent,"Thank you, Victoria. I see your account was suspended due to unusual login activity detected from multiple locations. This is a security measure."
2025-08-02 10:06:15,Victoria Hill,"Oh, I was traveling last week. That explains it."
2025-08-02 10:07:30,agent,"Understood. I can lift the suspension now. For future travel, you might consider using a VPN or notifying us in advance to avoid such flags."
2025-08-02 10:08:45,Victoria Hill,"Thanks for the tip! Please lift the suspension."
2025-08-02 10:10:00,agent,"Your account suspension has been lifted. Please consider enabling 2FA for added security."
2025-08-02 10:10:45,Victoria Hill,"Will do. Thanks again!"
2025-08-02 10:12:15,Ethan Green,"I'm trying to update my profile information, but the changes aren't saving."
2025-08-02 10:13:30,agent,"I apologize for that. What specific information are you trying to update?"
2025-08-02 10:14:45,Ethan Green,"My phone number and address."
2025-08-02 10:16:00,agent,"Have you tried using a different browser or clearing your browser's cache and cookies?"
2025-08-02 10:17:15,Ethan Green,"No, I haven't. I'm using Chrome."
2025-08-02 10:18:30,agent,"Please try clearing your browser's cache and cookies, then attempt the update again. Sometimes old data can interfere with saving new information."
2025-08-02 10:19:45,Ethan Green,"Okay, I'll give that a shot. Thanks!"
2025-08-02 10:20:15,agent,"You're welcome! Let me know if it works."
2025-08-02 10:21:45,Abigail Baker,"I received a notification that my free trial is ending soon. Can I extend it?"
2025-08-02 10:23:00,agent,"Unfortunately, we don't offer extensions for free trials. However, if you subscribe to any of our paid plans before the trial ends, you'll get a special discount."
2025-08-02 10:24:15,Abigail Baker,"What kind of discount?"
2025-08-02 10:25:30,agent,"You'll receive 20% off your first three months on any annual plan, or 10% off your first month on any monthly plan."
2025-08-02 10:26:45,Abigail Baker,"That's pretty good. I'll consider it. Thanks for the info!"
2025-08-02 10:27:30,agent,"My pleasure! Feel free to ask if you have more questions about our plans."
2025-08-02 10:29:00,Michael Chen,"I'm having trouble connecting my smart device to the app. It just won't pair."
2025-08-02 10:30:15,agent,"What specific smart device model are you trying to pair?"
2025-08-02 10:31:30,Michael Chen,"It's the Smart Light Bulb, Model L-500."
2025-08-02 10:32:45,agent,"Okay. First, ensure the bulb is powered on and blinking, indicating it's in pairing mode. Also, make sure your phone's Bluetooth is enabled."
2025-08-02 10:34:00,Michael Chen,"It's blinking, and Bluetooth is on. Still no connection."
2025-08-02 10:35:15,agent,"Try moving closer to the bulb and ensuring there are no strong interference sources nearby, like microwaves or other Wi-Fi routers."
2025-08-02 10:36:30,Michael Chen,"Moved closer, still nothing. It's really frustrating."
2025-08-02 10:37:45,agent,"I understand. As a last resort, try resetting the bulb by turning it off and on five times rapidly. This usually forces it back into pairing mode."
2025-08-02 10:39:00,Michael Chen,"Okay, trying that... It worked! It paired! Thank you so much!"
2025-08-02 10:40:00,agent,"Fantastic! Glad we could get that connected for you. Is there anything else?"
2025-08-02 10:40:45,Michael Chen,"No, that's all. You're a lifesaver!"
2025-08-02 10:42:15,Sophia Davis,"I'm getting an error 'Insufficient permissions' when I try to create a new project."
2025-08-02 10:43:30,agent,"This error means your current user role doesn't have the necessary permissions to create projects. What is your current role?"
2025-08-02 10:44:45,Sophia Davis,"I'm listed as a 'Contributor'."
2025-08-02 10:46:00,agent,"To create new projects, you'll need an 'Editor' or 'Admin' role. You can ask your account administrator to upgrade your permissions."
2025-08-02 10:47:15,Sophia Davis,"Okay, I'll reach out to my admin. Thanks for clarifying."
2025-08-02 10:47:45,agent,"You're welcome! Let me know if you need any further assistance."
2025-08-02 10:49:15,Liam Brown,"I can't find the 'settings' menu in the new app update. Where did it go?"
2025-08-02 10:50:30,agent,"In the latest app update, the 'Settings' menu has been moved. It's now accessible by clicking on your profile icon in the top right corner."
2025-08-02 10:51:45,Liam Brown,"Ah, I see it now! Thanks for the tip."
2025-08-02 10:52:15,agent,"No problem! We're always here to help with navigation."
2025-08-02 10:53:45,Olivia Wilson,"I'm experiencing very slow loading times on the website today."
2025-08-02 10:55:00,agent,"I apologize for the slow performance. We're not currently experiencing any known outages, but sometimes a local network issue or browser cache can cause this."
2025-08-02 10:56:15,Olivia Wilson,"My internet seems fine, and I cleared my cache."
2025-08-02 10:57:30,agent,"Understood. I'll report this to our monitoring team to check for any regional performance issues. In the meantime, try accessing the site from a different device or network if possible."
2025-08-02 10:58:45,Olivia Wilson,"Okay, thanks for looking into it."
2025-08-02 10:59:15,agent,"You're welcome! We'll notify you if we find anything."
2025-08-02 11:00:45,William Garcia,"I have a question about the terms of service, specifically section 4.2."
2025-08-02 11:02:00,agent,"I can help clarify that. What is your question about section 4.2?"
2025-08-02 11:03:15,William Garcia,"It mentions 'fair use policy'. What exactly does that entail for my usage?"
2025-08-02 11:04:30,agent,"Our fair use policy ensures that usage of our services remains within reasonable limits for individual or typical business operations, preventing abuse that could impact service quality for others. It's generally about avoiding excessive, non-standard automated usage."
2025-08-02 11:05:45,William Garcia,"So, as long as I'm not running bots or something, I'm fine?"
2025-08-02 11:07:00,agent,"Precisely. For most users, it won't be an issue. If your usage patterns ever approach the policy limits, we'd typically reach out to discuss your needs."
2025-08-02 11:08:15,William Garcia,"Okay, that's clear. Thanks!"
2025-08-02 11:09:00,agent,"My pleasure! Anything else I can explain?"
2025-08-02 11:10:30,Ava Rodriguez,"I'm trying to schedule a demo, but the calendar isn't loading."
2025-08-02 11:11:45,agent,"I apologize for that. What browser are you using?"
2025-08-02 11:13:00,Ava Rodriguez,"Firefox."
2025-08-02 11:14:15,agent,"Please try clearing your browser's cache and cookies, then refresh the page. Sometimes this resolves loading issues."
2025-08-02 11:15:30,Ava Rodriguez,"Okay, I'll try that."
2025-08-02 11:16:15,agent,"Great. Let me know if the calendar loads correctly after that."
2025-08-02 11:17:45,Ethan White,"I need to change the primary email address for my account."
2025-08-02 11:19:00,agent,"To change your primary email, I'll need to verify your identity. Can you confirm your current registered email and full name?"
2025-08-02 11:20:15,Ethan White,"Current email is old.one@example.com, and my name is Ethan White."
2025-08-02 11:21:30,agent,"Thank you, Ethan. What is the new email address you'd like to use?"
2025-08-02 11:22:45,Ethan White,"It's new.one@example.com."
2025-08-02 11:24:00,agent,"Your primary email has been updated to new.one@example.com. You'll receive a confirmation email at both addresses."
2025-08-02 11:25:15,Ethan White,"Excellent! Thanks for your help."
2025-08-02 11:25:45,agent,"You're welcome! Anything else?"
2025-08-02 11:27:15,Sophia Taylor,"I'm having trouble with a specific report. It's showing incorrect data."
2025-08-02 11:28:30,agent,"I apologize for that. Which report is it, and what data appears incorrect?"
2025-08-02 11:29:45,Sophia Taylor,"The 'User Engagement' report. The active users count seems too low compared to our actual traffic."
2025-08-02 11:31:00,agent,"Thank you for pointing that out. It's possible there's a data synchronization delay or a filter applied. Have you checked the date range and any filters on the report?"
2025-08-02 11:32:15,Sophia Taylor,"Yes, date range is correct, and no filters are applied."
2025-08-02 11:33:30,agent,"Okay, I'll escalate this to our data team for investigation. They'll review the report's data source and logic. We'll get back to you within 48 hours."
2025-08-02 11:34:45,Sophia Taylor,"Alright, thanks for looking into it."
2025-08-02 11:35:30,agent,"You're welcome! We'll work to resolve it promptly."
2025-08-02 11:37:00,Noah Brown,"I want to cancel my subscription, but I can't find the option anywhere."
2025-08-02 11:38:15,agent,"You can cancel your subscription from your 'Billing & Subscription' page. Look for a 'Cancel Subscription' or 'Manage Plan' button."
2025-08-02 11:39:30,Noah Brown,"I'm on that page, but I only see 'Upgrade Plan' and 'Change Payment Method'."
2025-08-02 11:40:45,agent,"I see. It might be a different interface for your specific plan. I can process the cancellation for you directly if you'd like."
2025-08-02 11:42:00,Noah Brown,"Yes, please do! And send me a confirmation."
2025-08-02 11:43:15,agent,"Your subscription has been successfully cancelled. You will receive an email confirmation shortly. Please note, your access will continue until the end of your current billing period."
2025-08-02 11:44:30,Noah Brown,"Got it. Thanks for making it easy."
2025-08-02 11:45:15,agent,"My pleasure! Is there anything else I can assist you with?"
2025-08-02 11:46:45,Isabella Clark,"I'm getting an error message: 'API rate limit exceeded'."
2025-08-02 11:48:00,agent,"This error indicates you've exceeded the number of API requests allowed within a certain timeframe. Are you making a lot of automated calls?"
2025-08-02 11:49:15,Isabella Clark,"Yes, we have an integration that runs frequently."
2025-08-02 11:50:30,agent,"You might need to upgrade your plan to increase your API rate limits, or optimize your integration to make fewer calls. Which plan are you currently on?"
2025-08-02 11:51:45,Isabella Clark,"We're on the 'Developer' plan."
2025-08-02 11:53:00,agent,"The 'Business' or 'Enterprise' plans offer significantly higher API limits. Would you like me to provide details on those plans?"
2025-08-02 11:54:15,Isabella Clark,"Yes, please send me the details via email."
2025-08-02 11:55:30,agent,"Certainly. I've sent you an email with a comparison of our plans and their respective API limits. Feel free to reply to that email if you have more questions."
2025-08-02 11:56:30,Isabella Clark,"Thanks!"
2025-08-02 11:57:00,agent,"You're welcome!"
2025-08-02 11:58:30,Mia Adams,"My account was compromised. Someone changed my password and email."
2025-08-02 11:59:45,agent,"I understand this is a serious issue. We need to act quickly. Please provide your full name and the original email address associated with the account before it was changed."
2025-09-01 10:00:00,Oliver Baker,"Hi, I need assistance with a technical issue."
2025-09-01 10:01:00,agent,"Hello! Please describe your technical issue."
2025-09-01 10:02:00,Oliver Baker,"My software keeps crashing when I open a specific file type."
2025-09-01 10:03:00,agent,"Which software version and operating system are you using?"
2025-09-01 10:04:00,Oliver Baker,"Software version 5.0, Windows 10."
2025-09-01 10:05:00,agent,"Have you tried reinstalling the software or updating your graphics drivers?"
2025-09-01 10:06:00,Oliver Baker,"Yes, I've done both, but the problem persists."
2025-09-01 10:07:00,agent,"I see. Could you share the file type that causes the crash?"
2025-09-01 10:08:00,Oliver Baker,"It's a .CAD file."
2025-09-01 10:09:00,agent,"Thank you. I'll forward this to our engineering team. They might need to collect logs from your system."
2025-09-01 10:10:00,Oliver Baker,"Okay, what's the next step?"
2025-09-01 10:11:00,agent,"Our team will contact you via email with instructions on how to collect and send the logs. Please keep an eye on your inbox."
2025-09-01 10:12:00,Oliver Baker,"Understood. Thanks for your help."
2025-09-01 10:13:00,agent,"You're welcome! We'll do our best to resolve this quickly."
2025-09-01 10:14:00,Charlotte Wright,"I'm interested in integrating your service with my existing CRM."
2025-09-01 10:15:00,agent,"That's great! We offer various integration options. Which CRM are you currently using?"
2025-09-01 10:16:00,Charlotte Wright,"Salesforce."
2025-09-01 10:17:00,agent,"Excellent! We have a direct integration for Salesforce. You can find detailed setup guides in our documentation portal under 'Integrations'."
2025-09-01 10:18:00,Charlotte Wright,"Is there a video tutorial available?"
2025-09-01 10:19:00,agent,"Yes, we have a step-by-step video tutorial on our YouTube channel. I can send you the link if you'd like."
2025-09-01 10:20:00,Charlotte Wright,"Please do."
2025-09-01 10:21:00,agent,"I've sent the link to your registered email. Let me know if you have any questions during the setup process."
2025-09-01 10:22:00,Charlotte Wright,"Thanks a lot!"
2025-09-01 10:23:00,agent,"My pleasure!"
2025-09-01 10:24:00,Henry Green,"I want to provide feedback on a recent interaction with another agent."
2025-09-01 10:25:00,agent,"Thank you for wanting to share your feedback. Was it a positive or negative experience, and what was the agent's name if you remember?"
2025-09-01 10:26:00,Henry Green,"It was mostly positive, but there was a small misunderstanding. The agent was Sarah."
2025-09-01 10:27:00,agent,"I appreciate you sharing that. Could you elaborate on the misunderstanding so I can pass it on to Sarah's supervisor?"
2025-09-01 10:28:00,Henry Green,"She misunderstood my request about changing my billing cycle, but it was resolved eventually."
2025-09-01 10:29:00,agent,"Thank you for the detailed feedback. We'll use this to improve our training. Is there anything else I can help you with today?"
2025-09-01 10:30:00,Henry Green,"No, that's all. Thanks for listening."
2025-09-01 10:31:00,agent,"You're welcome! Have a great day."
2025-09-01 10:32:00,Amelia Hall,"My account was unexpectedly downgraded to a free plan."
2025-09-01 10:33:00,agent,"I apologize for that. This usually happens if a payment fails. Have you checked your billing history for any declined payments?"
2025-09-01 10:34:00,Amelia Hall,"Oh, yes, my card expired last week. I forgot to update it."
2025-09-01 10:35:00,agent,"That explains it. Please update your payment method in your 'Billing' section, and your plan should automatically revert to your previous subscription once the payment is successful."
2025-09-01 10:36:00,Amelia Hall,"Okay, I'll do that right away. Thanks!"
2025-09-01 10:37:00,agent,"You're welcome! Let me know if you have any issues with the payment."
2025-09-01 10:38:00,Lucas King,"I'm having trouble accessing my archived projects. They don't appear in the list."
2025-09-01 10:39:00,agent,"Archived projects are usually in a separate section. Have you looked for a tab or filter labeled 'Archived' or 'Inactive Projects'?"
2025-09-01 10:40:00,Lucas King,"Yes, I clicked on 'Archived', but the list is empty."
2025-09-01 10:41:00,agent,"I see. It's possible there's a display issue. Could you try clearing your browser's cache and cookies, then refreshing the page?"
2025-09-01 10:42:00,Lucas King,"I'll give that a try. Thanks."
2025-09-01 10:43:00,agent,"You're welcome! If it still doesn't work, let me know."
2025-09-01 10:44:00,Harper Baker,"I need to change the timezone settings for my reports."
2025-09-01 10:45:00,agent,"You can adjust the timezone for your reports in your 'Account Settings' under 'Regional Settings' or 'Timezone Preferences'."
2025-09-01 10:46:00,Harper Baker,"Is that a global setting or per report?"
2025-09-01 10:47:00,agent,"It's a global account setting, so all your reports and timestamps will reflect that timezone once changed."
2025-09-01 10:48:00,Harper Baker,"Perfect, thanks for clarifying."
2025-09-01 10:49:00,agent,"My pleasure!"
2025-09-01 10:50:00,Evelyn Lewis,"My subscription is showing as 'pending cancellation' but I wanted to cancel immediately."
2025-09-01 10:51:00,agent,"'Pending cancellation' means your subscription will remain active until the end of your current billing period, then it won't renew. We don't offer immediate cancellations with pro-rata refunds unless there's a specific issue."
2025-09-01 10:52:00,Evelyn Lewis,"Oh, I see. So I'll still have access until the end of the month?"
2025-09-01 10:53:00,agent,"That's correct. You can continue to use all features until your billing cycle concludes."
2025-09-01 10:54:00,Evelyn Lewis,"Alright, thanks for explaining."
2025-09-01 10:55:00,agent,"You're welcome! Is there anything else I can assist with?"
2025-09-01 10:56:00,Alexander Taylor,"I can't seem to upload images. It keeps giving an error."
2025-09-01 10:57:00,agent,"What's the error message you're seeing, and what's the file size/format of the image?"
2025-09-01 10:58:00,Alexander Taylor,"Error: 'File too large'. It's a 5MB PNG."
2025-09-01 10:59:00,agent,"Our maximum image upload size is 2MB. Please try compressing your image or using a smaller file."
2025-09-01 11:00:00,Alexander Taylor,"Okay, I'll try to resize it. Thanks!"
2025-09-01 11:01:00,agent,"You're welcome! Let me know if that works."
2025-09-01 11:02:00,Sofia Wilson,"I'm having trouble with the mobile app's notifications. They're not showing up."
2025-09-01 11:03:00,agent,"Have you checked your phone's system notification settings for our app? Sometimes they get disabled there."
2025-09-01 11:04:00,Sofia Wilson,"Yes, they're enabled. And app notifications are also on."
2025-09-01 11:05:00,agent,"I see. Could you try logging out and logging back into the app? Sometimes that refreshes the notification service."
2025-09-01 11:06:00,Sofia Wilson,"I'll try that. Thanks."
2025-09-01 11:07:00,agent,"You're welcome! Let me know if it resolves the issue."
2025-09-01 11:08:00,Joseph Moore,"My account was locked due to suspicious activity."
2025-09-01 11:09:00,agent,"I understand. For your security, we temporarily lock accounts when suspicious activity is detected. I'll need to verify your identity to unlock it."
2025-09-01 11:10:00,Joseph Moore,"Okay, what do you need?"
2025-09-01 11:11:00,agent,"Please provide your full name, registered email, and the last four digits of your phone number on file."
2025-09-01 11:12:00,Joseph Moore,"Joseph Moore, joseph.m@email.com, ****1234."
2025-09-01 11:13:00,agent,"Thank you, Joseph. Your account has been unlocked. Please ensure you use a strong, unique password and consider enabling 2FA."
2025-09-01 11:14:00,Joseph Moore,"Will do. Thanks for your help!"
2025-09-01 11:15:00,agent,"You're welcome! Stay safe."
2025-09-01 11:16:00,Grace Garcia,"I'm trying to share a document, but the share link isn't working for others."
2025-09-01 11:17:00,agent,"Have you set the sharing permissions correctly? Is it set to 'Anyone with the link' or specific users?"
2025-09-01 11:18:00,Grace Garcia,"It's set to 'Anyone with the link can view'."
2025-09-01 11:19:00,agent,"And are the recipients experiencing any specific error messages when they try to open it?"
2025-09-01 11:20:00,Grace Garcia,"They say 'Access Denied'."
2025-09-01 11:21:00,agent,"I see. There might be a temporary issue with link generation. Could you try generating a new share link and sending that?"
2025-09-01 11:22:00,Grace Garcia,"Okay, I'll try that. Thanks."
2025-09-01 11:23:00,agent,"You're welcome! Let me know if it resolves the issue."
2025-09-01 11:24:00,Samuel Rodriguez,"I have a question about billing cycles. When am I charged?"
2025-09-01 11:25:00,agent,"Your billing cycle typically starts on the day you subscribe and renews on the same date each month or year, depending on your plan."
2025-09-01 11:26:00,Samuel Rodriguez,"So if I subscribed on the 15th, I'm charged on the 15th every month?"
2025-09-01 11:27:00,agent,"That's correct. You can view your next billing date in your 'Billing History' or 'Subscription Details' section."
2025-09-01 11:28:00,Samuel Rodriguez,"Got it. Thanks for the clarity."
2025-09-01 11:29:00,agent,"My pleasure!"
2025-09-01 11:30:00,Chloe Lee,"My dashboard isn't loading correctly. Some widgets are missing."
2025-09-01 11:31:00,agent,"I apologize for that. Have you tried refreshing the page or logging out and back in?"
2025-09-01 11:32:00,Chloe Lee,"Yes, both. Still the same."
2025-09-01 11:33:00,agent,"Could you try accessing it from a different browser or device to see if it's a local issue?"
2025-09-01 11:34:00,Chloe Lee,"I'll try on my phone. Thanks."
2025-09-01 11:35:00,agent,"You're welcome! Let me know the outcome."
2025-09-01 11:36:00,Victoria Taylor,"I need to change my account password. How do I do that?"
2025-09-01 11:37:00,agent,"You can change your password in your 'Account Settings' under 'Security' or 'Password & Security'."
2025-09-01 11:38:00,Victoria Taylor,"Do I need my old password?"
2025-09-01 11:39:00,agent,"Yes, for security, you'll need to enter your current password before setting a new one."
2025-09-01 11:40:00,Victoria Taylor,"Okay, thanks!"
2025-09-01 11:41:00,agent,"You're welcome!"
2025-09-01 11:42:00,Ethan Brown,"I'm getting an error 'Invalid API Key' when trying to connect my application."
2025-09-01 11:43:00,agent,"Please ensure you're using the correct API key from your developer dashboard. Also, check for any leading or trailing spaces during copy-paste."
2025-09-01 11:44:00,Ethan Brown,"I've double-checked, it seems correct."
2025-09-01 11:45:00,agent,"Could you try regenerating a new API key from your dashboard and using that instead?"
2025-09-01 11:46:00,Ethan Brown,"I'll try regenerating. Thanks for the suggestion."
2025-09-01 11:47:00,agent,"You're welcome! Let me know if it resolves the issue."
2025-09-01 11:48:00,Abigail Miller,"My team member can't access a shared folder. It says 'Permission Denied'."
2025-09-01 11:49:00,agent,"Please verify the sharing permissions for that specific folder. Ensure your team member's email is explicitly added or the link is set to 'Anyone with the link can view/edit'."
2025-09-01 11:50:00,Abigail Miller,"It's set to 'Anyone with the link can edit'."
2025-09-01 11:51:00,agent,"And is your team member logged into their account when trying to access it?"
2025-09-01 11:52:00,Abigail Miller,"Yes, they are."
2025-09-01 11:53:00,agent,"I see. There might be a temporary sync issue. Could you ask them to clear their browser cache and try again?"
2025-09-01 11:54:00,Abigail Miller,"Okay, I'll tell them to do that. Thanks!"
2025-09-01 11:55:00,agent,"You're welcome! Let me know if the problem persists."
2025-09-01 11:56:00,Michael Garcia,"I need to update my company's billing address."
2025-09-01 11:57:00,agent,"You can update your billing address in your 'Billing & Subscription' settings under 'Billing Information'."
2025-09-01 11:58:00,Michael Garcia,"Is that different from the shipping address?"
2025-09-01 11:59:00,agent,"Yes, the billing address is used for invoicing and payment verification, while the shipping address is for physical product deliveries."
2025-10-01 10:00:00,Sophia Rodriguez,"Hi, I'm having trouble with my account. It says 'account suspended'."
2025-10-01 10:01:00,agent,"Hello! I can help with that. Could you provide your registered email address or account ID?"
2025-10-01 10:02:00,Sophia Rodriguez,"It's sophia.r@example.com."
2025-10-01 10:03:00,agent,"Thank you. I see your account was suspended due to a failed payment. Your last payment attempt was declined."
2025-10-01 10:04:00,Sophia Rodriguez,"Oh, I see. My card expired. How do I update it?"
2025-10-01 10:05:00,agent,"You can update your payment method in the 'Billing & Subscription' section of your account. Once updated, the suspension should be automatically lifted."
2025-10-01 10:06:00,Sophia Rodriguez,"Okay, I'll do that now. Thanks!"
2025-10-01 10:07:00,agent,"You're welcome! Let me know if you encounter any issues."
2025-10-01 10:08:00,Liam Taylor,"I'm looking for a specific feature, 'Advanced Analytics', but I can't find it."
2025-10-01 10:09:00,agent,"The 'Advanced Analytics' feature is typically available on our 'Pro' or 'Enterprise' plans. What plan are you currently subscribed to?"
2025-10-01 10:10:00,Liam Taylor,"I'm on the 'Standard' plan."
2025-10-01 10:11:00,agent,"That explains it. You'd need to upgrade your plan to access 'Advanced Analytics'. Would you like me to provide details on the 'Pro' plan?"
2025-10-01 10:12:00,Liam Taylor,"Yes, please send me a comparison of the plans."
2025-10-01 10:13:00,agent,"I've sent a detailed comparison of our plans to your registered email. Feel free to review it and ask any further questions."
2025-10-01 10:14:00,Liam Taylor,"Thanks a lot!"
2025-10-01 10:15:00,agent,"My pleasure!"
2025-10-01 10:16:00,Olivia Brown,"My notifications are not working on the desktop app."
2025-10-01 10:17:00,agent,"Please check your desktop app's notification settings, and also your operating system's notification settings for the app."
2025-10-01 10:18:00,Olivia Brown,"Both are enabled. Still no notifications."
2025-10-01 10:19:00,agent,"Could you try restarting the desktop application? Sometimes that resolves notification sync issues."
2025-10-01 10:20:00,Olivia Brown,"I'll try that. Thanks."
2025-10-01 10:21:00,agent,"You're welcome! Let me know if it works."
2025-10-01 10:22:00,William Miller,"I need to change my username."
2025-10-01 10:23:00,agent,"Usernames can usually be changed in your 'Profile Settings' or 'Account Information'. Please note, some systems may have restrictions on how often you can change it."
2025-10-01 10:24:00,William Miller,"Is there a limit to how many times I can change it?"
2025-10-01 10:25:00,agent,"Yes, typically you can change it once every 30 days to prevent abuse. If you need to change it sooner, please let me know why."
2025-10-01 10:26:00,William Miller,"Okay, I understand. Thanks!"
2025-10-01 10:27:00,agent,"You're welcome!"
2025-10-01 10:28:00,Ava Garcia,"I'm having trouble with a specific report. It's showing incorrect data."
2025-10-01 10:29:00,agent,"Which report is it, and what data appears incorrect?"
2025-10-01 10:30:00,Ava Garcia,"The 'User Activity' report. The login times are off by a few hours."
2025-10-01 10:31:00,agent,"This sounds like a timezone issue. Have you checked your account's timezone settings? They might be set incorrectly."
2025-10-01 10:32:00,Ava Garcia,"Oh, I didn't think of that. Where do I check it?"
2025-10-01 10:33:00,agent,"You can find your timezone settings in 'Account Settings' under 'Regional Settings' or 'Timezone Preferences'."
2025-10-01 10:34:00,Ava Garcia,"Found it! It was set to a different timezone. Thanks for the help!"
2025-10-01 10:35:00,agent,"Perfect! Glad we could resolve that. Is there anything else?"
2025-10-01 10:36:00,Ava Garcia,"No, that's all. Thanks!"
2025-10-01 10:37:00,agent,"You're welcome!"
2025-10-01 10:38:00,Ethan Rodriguez,"I accidentally deleted an important project. Can it be recovered?"
2025-10-01 10:39:00,agent,"I understand. Our system typically retains deleted projects in a 'Trash' or 'Recycle Bin' for 30 days. Have you checked there?"
2025-10-01 10:40:00,Ethan Rodriguez,"Yes, I checked, but it's empty."
2025-10-01 10:41:00,agent,"I see. If it's not in the trash, it might be permanently deleted. When did you delete the project?"
2025-10-01 10:42:00,Ethan Rodriguez,"About 35 days ago, I think."
2025-10-01 10:43:00,agent,"Unfortunately, if it was deleted over 30 days ago and not in the trash, it's likely unrecoverable. Our system automatically purges items after that period."
2025-10-01 10:44:00,Ethan Rodriguez,"Oh, that's a shame. Thanks for checking anyway."
2025-10-01 10:45:00,agent,"I'm truly sorry we couldn't recover it for you. Is there anything else I can assist with?"
2025-10-01 10:46:00,Ethan Rodriguez,"No, that's all. Thanks."
2025-10-01 10:47:00,agent,"You're welcome!"
2025-10-01 10:48:00,Sophia Lee,"My invoice shows an incorrect amount."
2025-10-01 10:49:00,agent,"I apologize for that. Could you provide your invoice number or account ID so I can review it?"
2025-10-01 10:50:00,Sophia Lee,"Invoice #INV-2025-10-001."
2025-10-01 10:51:00,agent,"Thank you. I see the invoice. It appears there was a one-time setup fee included that might not have been clear. Did you sign up for a new service recently?"
2025-10-01 10:52:00,Sophia Lee,"Oh, yes, I did sign up for a new service. I didn't realize there was a setup fee."
2025-10-01 10:53:00,agent,"The setup fee is usually mentioned during the signup process. I can send you a breakdown of the charges via email if you'd like more clarity."
2025-10-01 10:54:00,Sophia Lee,"Yes, please send that. Thanks for explaining."
2025-10-01 10:55:00,agent,"Certainly. I've sent the breakdown to your registered email. Is there anything else?"
2025-10-01 10:56:00,Sophia Lee,"No, that's all. Thanks."
2025-10-01 10:57:00,agent,"You're welcome!"
2025-10-01 10:58:00,Noah Taylor,"I'm having trouble with the live chat feature on your website. It's not connecting."
2025-10-01 10:59:00,agent,"I apologize for that. Are you seeing any error messages, or does it just keep loading?"
2025-11-01 10:00:00,Isabella Brown,"Hi, I'm unable to log in to my account. It says 'account disabled'."
2025-11-01 10:01:00,agent,"Hello! 'Account disabled' can happen for various reasons. Could you provide your registered email or username so I can investigate?"
2025-11-01 10:02:00,Isabella Brown,"It's myusername."
2025-11-01 10:03:00,agent,"Thank you. I see your account was disabled due to inactivity. It hasn't been logged into for over 12 months."
2025-11-01 10:04:00,Isabella Brown,"Oh, I didn't realize that was a policy. Can it be reactivated?"
2025-11-01 10:05:00,agent,"Yes, I can reactivate it for you. For security, I'll send a verification code to your registered email. Please provide the code once you receive it."
2025-11-01 10:06:00,Isabella Brown,"Okay, waiting for the code now."
2025-11-01 10:07:00,Isabella Brown,"Got it. The code is 123456."
2025-11-01 10:08:00,agent,"Thank you. Your account has been reactivated. Please try logging in now."
2025-11-01 10:09:00,Isabella Brown,"It worked! Thanks for reactivating it."
2025-11-01 10:10:00,agent,"You're welcome! Is there anything else I can assist with today?"
2025-11-01 10:11:00,Isabella Brown,"No, that's all. Have a good day!"
2025-11-01 10:12:00,agent,"You too!"
2025-11-01 10:13:00,Mia Miller,"I'm looking for information on your affiliate program. Where can I find details?"
2025-11-01 10:14:00,agent,"Our affiliate program details are available on our website. Look for a link labeled 'Affiliates' or 'Partners' in the footer."
2025-11-01 10:15:00,Mia Miller,"Okay, I'll check there. Thanks."
2025-11-01 10:16:00,agent,"You're welcome!"
2025-11-01 10:17:00,Oliver Garcia,"My payment was declined, but I have enough funds."
2025-11-01 10:18:00,agent,"I apologize for that. Payment declines can happen for various reasons, even with sufficient funds. Have you checked with your bank or card issuer?"
2025-11-01 10:19:00,Oliver Garcia,"No, I haven't. I'll do that."
2025-11-01 10:20:00,agent,"Please do. Also, ensure your billing address and card details entered on our platform match exactly what your bank has on file."
2025-11-01 10:21:00,Oliver Garcia,"Okay, I'll verify those. Thanks for the tips!"
2025-11-01 10:22:00,agent,"You're welcome! Let me know if you need further assistance after checking with your bank."
2025-11-01 10:23:00,Charlotte Rodriguez,"I'm having trouble connecting my email to your platform."
2025-11-01 10:24:00,agent,"What email provider are you using (e.g., Gmail, Outlook), and what error message are you seeing?"
2025-11-01 10:25:00,Charlotte Rodriguez,"Gmail. It says 'Authentication failed'."
2025-11-01 10:26:00,agent,"For Gmail, you might need to enable 'Less secure app access' or generate an 'App password' if you have 2FA enabled. Have you tried that?"
2025-11-01 10:27:00,Charlotte Rodriguez,"I have 2FA on. I'll try the App password. Thanks!"
2025-11-01 10:28:00,agent,"You're welcome! That usually resolves Gmail authentication issues."
2025-11-01 10:29:00,Henry Lee,"My dashboard is showing outdated data."
2025-11-01 10:30:00,agent,"I apologize for that. How old is the data showing, and have you tried refreshing the dashboard?"
2025-11-01 10:31:00,Henry Lee,"It's from yesterday. Yes, I refreshed multiple times."
2025-11-01 10:32:00,agent,"I see. There might be a data synchronization delay. Our team is usually quick to resolve these. Could you try checking again in about 30 minutes?"
2025-11-01 10:33:00,Henry Lee,"Okay, I'll do that. Thanks for the update."
2025-11-01 11:34:00,agent,"You're welcome! We appreciate your patience."
2025-11-01 11:35:00,Amelia Taylor,"I need to change the currency for my billing."
2025-11-01 11:36:00,agent,"Currency changes for billing are usually not directly changeable by users due to regional pricing. What currency are you currently being billed in, and what currency would you prefer?"
2025-11-01 11:37:00,Amelia Taylor,"USD, but I prefer EUR."
2025-11-01 11:38:00,agent,"I understand. To change your billing currency, we would need to cancel your current subscription and set up a new one in EUR. This might affect your billing cycle and any existing discounts."
2025-11-01 11:39:00,Amelia Taylor,"Oh, that's complicated. I'll stick with USD then. Thanks for the info."
2025-11-01 11:40:00,agent,"You're welcome! I'm sorry it's not a simpler process."
2025-11-01 11:41:00,Lucas King,"I'm having trouble with the search bar in the app. It's not responding."
2025-11-01 11:42:00,agent,"What device and app version are you using?"
2025-11-01 11:43:00,Lucas King,"Android, app version 2.1.0."
2025-11-01 11:44:00,agent,"Please try force-closing the app and reopening it. If that doesn't work, consider reinstalling the app."
2025-11-01 11:45:00,Lucas King,"Okay, I'll try that. Thanks."
2025-11-01 11:46:00,agent,"You're welcome! Let me know if it helps."
2025-11-01 11:47:00,Harper Baker,"I need to reset my password, but I don't have access to my registered email."
2025-11-01 11:48:00,agent,"I understand this is a difficult situation. For security, we'll need to go through an account recovery process. This will involve verifying your identity through alternative means."
2025-11-01 11:49:00,Harper Baker,"What kind of verification?"
2025-11-01 11:50:00,agent,"We'll ask for details like your full name, date of birth, last known billing information, or recent activity on the account. This process can take up to 24-48 hours."
2025-11-01 11:51:00,Harper Baker,"Okay, I understand. Please start the process."
2025-11-01 11:52:00,agent,"I've initiated the account recovery process. You'll receive an email with further instructions and questions at a secondary email if you have one on file, or we'll guide you through it here."
2025-11-01 11:53:00,Harper Baker,"Thanks for your help."
2025-11-01 11:54:00,agent,"You're welcome! We'll do our best to help you regain access."
2025-11-01 11:55:00,Evelyn Wright,"I'm getting an error 'Service Unavailable' when I try to access the website."
2025-11-01 11:56:00,agent,"'Service Unavailable' usually indicates a temporary server issue or maintenance. Our team is likely aware and working on it. Please try again in a few minutes."
2025-11-01 11:57:00,Evelyn Wright,"Is there a way to check if it's a known issue?"
2025-11-01 11:58:00,agent,"Yes, you can check our system status page at status.yourcompany.com for real-time updates on service availability."
2025-11-01 11:59:00,Evelyn Wright,"Thanks for the link!"
2025-07-28 14:32:14,Alice,"This service is absolute garbage! I'm sick of your useless support!"
2025-07-28 15:10:00,Alice,"You people are clueless idiots, fix this problem now!"
2025-07-28 16:05:30,Robin,"What kind of scam are you running? This is fraud!"
2025-07-28 16:50:40,Robin,"If you don't fix this ASAP, I will report you to authorities!"
2025-07-29 09:23:44,Robin,"Your product is broken and your team is incompetent."
2025-07-29 09:55:37,Kartik,"I'm done with your lies and false promises!"
2025-07-29 10:30:26,Suraj,"You all should be ashamed for the terrible service you provide!"